months_as_customer,total_claim_amount,injury_claim,property_claim,vehicle_claim,incident_severity_Minor Damage,incident_severity_Total Loss
328,71610,6510,13020,52080,0,0
228,5070,780,780,3510,1,0
134,34650,7700,3850,23100,1,0
256,63400,6340,6340,50720,0,0
228,6500,1300,650,4550,1,0
256,64100,6410,6410,51280,0,0
137,78650,21450,7150,50050,1,0
165,51590,9380,9380,32830,0,1
27,27700,2770,2770,22160,0,1
212,42300,4700,4700,32900,0,1
235,87010,7910,15820,63280,0,1
447,114920,17680,17680,79560,0,0
60,56520,4710,9420,42390,0,1
121,7280,1120,1120,5040,1,0
180,46200,4200,8400,33600,0,1
473,63120,10520,10520,42080,0,0
70,52110,5790,5790,40530,0,0
140,77880,14160,7080,56640,0,1
160,72930,6630,13260,53040,0,1
196,60400,6040,6040,48320,0,0
460,47160,0,5240,41920,1,0
217,37840,0,4730,33110,0,1
370,71520,17880,5960,47680,0,0
413,98160,8180,16360,73620,0,1
237,77880,7080,14160,56640,1,0
8,71500,16500,11000,44000,0,0
257,9020,1640,820,6560,1,0
202,5720,1040,520,4160,1,0
224,69840,7760,15520,46560,1,0
241,91650,14100,14100,63450,1,0
64,75600,12600,12600,50400,0,0
166,67140,7460,7460,52220,0,0
155,29790,3310,3310,23170,0,1
114,77110,14020,14020,49070,0,0
149,64800,10800,5400,48600,0,1
147,53100,10620,5310,37170,0,0
62,60200,6020,6020,48160,0,1
289,5330,1230,820,3280,1,0
431,62300,12460,6230,43610,0,0
199,60170,10940,10940,38290,0,0
79,40000,8000,4000,28000,1,0
116,97080,16180,16180,64720,0,0
37,51660,5740,5740,40180,1,0
106,51120,5680,5680,39760,0,1
269,56400,11280,11280,33840,1,0
265,55120,6890,0,48230,0,1
163,77110,0,14020,63090,0,1
355,62800,6280,6280,50240,0,0
175,7290,810,810,5670,0,0
192,76600,15320,7660,53620,0,1
430,81800,16360,8180,57260,1,0
91,7260,1320,660,5280,0,0
217,4300,430,430,3440,1,0
223,70510,12820,12820,44870,0,0
195,2640,480,480,1680,1,0
22,78900,15780,7890,55230,1,0
439,56430,0,6270,50160,0,0
94,2400,300,300,1800,1,0
11,65790,7310,7310,51170,0,1
151,62920,11440,5720,45760,1,0
154,69480,15440,0,54040,0,0
245,44280,7380,3690,33210,0,1
119,56300,5630,11260,39410,1,0
215,68520,11420,5710,51390,0,0
295,59130,6570,6570,45990,0,1
254,82320,13720,6860,61740,1,0
107,89700,13800,13800,62100,1,0
478,33930,0,3770,30160,1,0
128,68530,12460,6230,49840,0,0
338,4300,860,860,2580,1,0
271,68310,12420,6210,49680,0,0
222,61290,6810,6810,47670,0,1
199,30100,3010,0,27090,1,0
215,57120,9520,4760,42840,1,0
192,42930,9540,4770,28620,1,0
120,51210,11380,5690,34140,0,1
270,89400,14900,7450,67050,1,0
319,59730,10860,10860,38010,0,1
194,8060,1240,1240,5580,1,0
227,72200,14440,7220,50540,0,0
137,50800,10160,10160,30480,1,0
244,6600,660,1320,4620,0,0
78,7500,750,1500,5250,1,0
200,6490,1180,1180,4130,0,0
284,60940,5540,11080,44320,0,0
275,58300,5830,11660,40810,0,0
153,68400,11400,11400,45600,1,0
134,64240,11680,11680,40880,0,1
31,4700,940,470,3290,0,0
41,45120,0,5640,39480,0,0
127,66950,10300,10300,46350,0,1
61,98340,8940,17880,71520,0,0
207,5900,590,590,4720,0,0
219,70680,5890,11780,53010,0,0
271,93720,17040,8520,68160,0,1
80,6930,1260,630,5040,1,0
325,72930,6630,6630,59670,0,0
29,64890,7210,7210,50470,1,0
295,5400,900,900,3600,0,0
239,5600,700,700,4200,0,0
269,79300,15860,15860,47580,1,0
80,52800,10560,5280,36960,0,0
279,28800,0,3600,25200,1,0
165,2970,330,330,2310,1,0
350,93480,15580,7790,70110,0,1
295,4320,480,480,3360,1,0
464,79800,6650,19950,53200,0,0
118,74200,7420,14840,51940,0,0
298,70590,10860,10860,48870,0,0
87,60940,5540,11080,44320,0,0
261,74700,7470,14940,52290,1,0
453,70000,14000,7000,49000,0,0
210,81070,14740,14740,51590,0,1
168,57720,14430,9620,33670,0,0
390,7080,1180,1180,4720,1,0
258,47700,4770,9540,33390,0,1
107,51260,9320,9320,32620,1,0
225,70400,6400,12800,51200,0,0
164,90000,18000,9000,63000,1,0
245,72820,13240,6620,52960,1,0
255,69300,13860,13860,41580,1,0
206,76560,12760,12760,51040,0,0
203,55440,0,6160,49280,0,0
22,77130,8570,17140,51420,0,1
211,42000,7000,7000,28000,0,1
206,36300,3300,9900,23100,0,1
166,40320,5760,5760,28800,0,1
165,3960,330,660,2970,1,0
274,63840,10640,10640,42560,0,0
81,44730,4970,4970,34790,0,0
280,84720,14120,14120,56480,1,0
194,61500,6150,12300,43050,0,0
112,51000,8500,8500,34000,0,0
24,46800,4680,9360,32760,0,1
93,78120,17360,8680,52080,1,0
171,69200,13840,6920,48440,0,0
200,3690,410,410,2870,1,0
120,65500,6550,6550,52400,1,0
325,76120,13840,6920,55360,1,0
124,73560,12260,12260,49040,0,1
211,52030,9460,4730,37840,0,1
287,5170,470,940,3760,0,0
122,8190,1890,1260,5040,1,0
22,70800,7080,14160,49560,0,0
106,45630,5070,5070,35490,0,1
398,99320,7640,15280,76400,0,0
214,64000,12800,6400,44800,0,0
209,47300,4730,4730,37840,1,0
82,71680,8960,8960,53760,0,0
193,112320,17280,17280,77760,0,0
134,82720,7520,15040,60160,0,1
288,48060,10680,5340,32040,0,0
104,63570,9780,9780,44010,0,1
431,63240,10540,10540,42160,0,1
101,54240,9040,9040,36160,1,0
375,37280,0,0,37280,0,0
461,72100,7210,14420,50470,1,0
428,6500,1300,650,4550,1,0
45,78240,13040,13040,52160,0,1
136,6200,1240,620,4340,1,0
216,6160,560,1680,3920,1,0
278,76050,11700,11700,52650,0,1
295,86060,13240,13240,59580,0,1
112,107900,10790,21580,75530,0,0
122,99990,18180,18180,63630,0,1
108,61380,11160,5580,44640,1,0
14,71280,12960,12960,45360,0,0
298,64000,12800,6400,44800,1,0
276,5940,660,660,4620,0,0
47,6700,670,670,5360,1,0
222,51740,11940,7960,31840,1,0
119,53600,6700,6700,40200,0,1
73,44910,4990,4990,34930,0,1
8,48100,11100,7400,29600,0,0
294,6100,610,1220,4270,0,0
324,79600,15920,15920,47760,1,0
155,77040,8560,8560,59920,1,0
261,62590,11380,11380,39830,1,0
245,85150,13100,13100,58950,0,1
235,4950,450,900,3600,0,0
53,51100,10220,5110,35770,0,0
426,100800,16800,16800,67200,1,0
111,90970,16540,16540,57890,0,1
86,81840,14880,7440,59520,1,0
296,54900,5490,5490,43920,0,0
125,88660,8060,16120,64480,0,1
177,18000,2250,2250,13500,0,1
238,5500,1100,550,3850,1,0
81,73920,13440,6720,53760,0,0
128,101860,18520,18520,64820,0,1
449,5390,980,980,3430,1,0
252,50490,5610,5610,39270,1,0
359,55500,5550,11100,38850,0,1
19,7040,1280,640,5120,1,0
73,40160,5020,0,35140,0,1
285,55680,6960,6960,41760,0,1
196,5300,530,530,4240,0,0
223,5200,650,650,3900,0,0
328,59400,5940,11880,41580,0,0
285,2520,280,280,1960,1,0
30,5760,960,960,3840,0,0
342,76700,7670,7670,61360,1,0
219,5920,740,740,4440,0,0
468,64350,7150,7150,50050,0,0
241,19080,4240,2120,12720,0,1
223,54400,5440,5440,43520,1,0
128,59800,5980,5980,47840,0,1
124,72000,7200,7200,57600,0,0
343,65070,7230,14460,43380,0,1
404,8800,1760,880,6160,0,0
63,6120,1020,1020,4080,1,0
210,7080,1180,590,5310,0,0
335,34320,8580,4290,21450,1,0
11,53460,9720,9720,34020,0,0
142,81360,6780,13560,61020,0,1
272,81070,7370,14740,58960,1,0
69,63120,5260,10520,47340,1,0
38,7200,1440,720,5040,0,0
328,70290,12780,6390,51120,0,1
281,60190,9260,9260,41670,1,0
246,61380,11160,5580,44640,0,0
298,28100,2810,5620,19670,1,0
330,49060,8920,8920,31220,0,1
362,57060,6340,6340,44380,0,1
241,77880,12980,12980,51920,0,0
245,73500,7350,14700,51450,0,1
371,88920,6840,13680,68400,1,0
343,47630,12990,4330,30310,0,0
377,59040,6560,6560,45920,0,1
154,79530,14460,7230,57840,1,0
166,53680,4880,4880,43920,0,1
298,33550,3050,6100,24400,1,0
235,69100,6910,6910,55280,0,1
172,79750,14500,14500,50750,0,0
27,53600,5360,10720,37520,0,0
428,76560,12760,6380,57420,1,0
99,41130,4570,4570,31990,0,1
107,78650,14300,7150,57200,0,1
272,71060,6460,12920,51680,0,0
151,38830,3530,3530,31770,1,0
249,53500,5350,5350,42800,0,0
177,73700,7370,7370,58960,0,0
190,6300,630,630,5040,0,0
174,65400,10900,10900,43600,0,1
95,3200,640,320,2240,0,0
371,75400,7540,15080,52780,0,0
2,58140,6460,6460,45220,1,0
269,98670,15180,15180,68310,0,1
101,5900,1180,590,4130,1,0
94,64100,6410,6410,51280,0,0
117,55440,5040,10080,40320,0,1
111,80850,7350,14700,58800,0,0
242,7480,680,680,6120,0,0
440,53640,5960,5960,41720,0,0
20,63250,5750,11500,46000,0,0
461,59040,9840,9840,39360,0,0
208,50500,10100,5050,35350,0,1
279,57690,6410,12820,38460,0,0
244,5940,660,660,4620,0,0
134,47790,5310,5310,37170,0,0
122,3850,350,350,3150,0,0
156,59000,5900,5900,47200,0,0
232,70600,7060,14120,49420,0,0
244,61490,5590,11180,44720,1,0
84,57640,5240,10480,41920,1,0
394,6890,1060,1060,4770,0,0
246,53280,11840,5920,35520,0,0
35,78300,15660,7830,54810,1,0
156,41490,4610,4610,32270,0,0
195,68970,12540,6270,50160,0,1
369,85300,17060,8530,59710,1,0
271,3080,560,280,2240,1,0
332,71760,11040,11040,49680,0,0
107,59700,11940,11940,35820,1,0
217,64920,10820,10820,43280,1,0
243,37530,4170,4170,29190,0,0
296,64080,7120,7120,49840,0,1
264,60390,10980,5490,43920,1,0
108,64350,5850,11700,46800,0,0
32,70900,14180,7090,49630,1,0
259,46560,7760,7760,31040,1,0
186,4730,860,860,3010,0,0
201,6820,1240,1240,4340,1,0
436,59900,11980,5990,41930,0,0
189,79560,13260,13260,53040,0,0
105,70290,12780,6390,51120,0,1
163,63910,5810,11620,46480,0,1
219,6400,640,640,5120,0,0
88,66780,7420,7420,51940,0,0
40,8760,1460,1460,5840,1,0
284,94160,8560,17120,68480,0,0
59,51570,5730,11460,34380,0,1
39,52700,10540,10540,31620,0,0
147,101010,15540,15540,69930,1,0
156,53400,5340,5340,42720,1,0
123,72120,12020,12020,48080,0,1
231,77100,7710,15420,53970,1,0
247,3300,600,0,2700,0,0
194,5940,1080,540,4320,1,0
119,63720,7080,21240,35400,0,0
259,7680,1280,640,5760,0,0
107,93730,14420,21630,57680,0,1
48,87300,17460,17460,52380,0,0
267,5670,1260,630,3780,0,0
286,65800,13160,6580,46060,1,0
175,36720,4080,4080,28560,0,0
111,52800,4800,9600,38400,0,0
151,59100,5910,5910,47280,0,1
156,77440,14080,7040,56320,0,1
165,45700,4570,4570,36560,0,1
253,80740,7340,14680,58720,0,0
10,31350,2850,5700,22800,0,0
158,35000,3500,7000,24500,0,1
436,68000,13600,6800,47600,0,1
91,84500,13000,13000,58500,1,0
256,75500,7550,15100,52850,1,0
274,90600,15100,15100,60400,0,1
275,64320,5360,10720,48240,0,1
1,31700,6340,3170,22190,1,0
85,74280,12380,12380,49520,0,0
233,80520,13420,6710,60390,0,1
142,63600,6360,12720,44520,0,0
266,32800,3280,3280,26240,0,1
350,44190,9820,4910,29460,0,1
97,50400,10080,5040,35280,0,0
399,88400,17680,8840,61880,0,1
305,66550,12100,6050,48400,0,1
276,65780,5980,11960,47840,1,0
257,51810,9420,4710,37680,0,0
78,55660,5060,10120,40480,0,0
129,44640,9920,4960,29760,0,0
283,77660,7060,14120,56480,0,0
85,5640,940,940,3760,0,0
101,3190,580,580,2030,0,0
96,53440,0,6680,46760,0,1
121,65250,7250,7250,50750,1,0
176,44280,4920,4920,34440,1,0
159,70290,7810,7810,54670,0,1
120,87100,8710,8710,69680,1,0
212,50380,4580,4580,41220,0,1
290,64800,12960,6480,45360,0,1
299,70400,12800,12800,44800,1,0
66,57860,0,10520,47340,0,0
334,6240,960,960,4320,1,0
216,66600,16650,11100,38850,0,1
86,70920,11820,11820,47280,1,0
429,39480,6580,6580,26320,1,0
257,63240,10540,5270,47430,0,1
15,67650,12300,6150,49200,0,1
230,74200,14840,14840,44520,0,0
250,64900,12980,12980,38940,1,0
270,35900,7180,3590,25130,0,0
65,52200,5220,10440,36540,1,0
475,78000,6500,13000,58500,1,0
77,67200,6720,6720,53760,1,0
256,63250,11500,5750,46000,0,1
229,68760,11460,5730,51570,0,0
110,65040,10840,10840,43360,1,0
177,82800,20700,13800,48300,0,0
292,61700,6170,6170,49360,0,1
451,78100,15620,7810,54670,0,0
61,65520,9360,9360,46800,0,0
150,4500,450,450,3600,0,0
283,42700,0,6100,36600,0,0
291,5580,620,620,4340,1,0
162,3600,360,720,2520,1,0
154,2800,280,280,2240,0,0
289,54000,6000,6000,42000,1,0
10,48950,4450,8900,35600,1,0
309,77800,15560,15560,46680,0,0
396,52560,11680,5840,35040,0,0
273,44110,4010,8020,32080,0,1
129,74360,13520,6760,54080,0,1
140,6120,680,680,4760,1,0
419,62280,5190,10380,46710,1,0
315,26730,4860,4860,17010,0,1
72,66200,6620,6620,52960,0,0
32,45500,9100,4550,31850,0,1
230,53040,4420,4420,44200,1,0
157,50800,10160,5080,35560,0,0
265,44200,4420,4420,35360,0,1
47,62920,11440,5720,45760,1,0
113,49950,5550,5550,38850,1,0
289,56430,6270,6270,43890,1,0
254,100210,18220,18220,63770,1,0
115,49140,5460,5460,38220,1,0
236,66840,16710,5570,44560,0,0
7,62460,6940,6940,48580,0,1
208,62810,11420,11420,39970,0,1
126,54160,6770,6770,40620,0,0
48,48400,9680,4840,33880,0,0
297,51480,5720,5720,40040,0,1
160,51700,5170,10340,36190,0,1
406,65520,10920,5460,49140,0,1
157,47700,4770,9540,33390,0,0
146,5220,580,580,4060,1,0
409,73320,6110,12220,54990,0,0
252,74900,14980,7490,52430,1,0
6,3190,580,290,2320,0,0
103,76920,12820,6410,57690,1,0
369,77990,7090,14180,56720,0,1
261,59670,9180,9180,41310,0,1
159,44880,8160,4080,32640,0,0
344,82830,7530,15060,60240,1,0
437,84480,7680,15360,61440,1,0
65,79800,15960,7980,55860,0,1
280,53020,9640,9640,33740,1,0
269,24200,2200,4400,17600,0,1
275,43230,7860,7860,27510,1,0
265,3190,290,580,2320,0,0
283,5850,1300,650,3900,1,0
84,6820,620,1240,4960,0,0
247,69480,11580,11580,46320,1,0
56,94560,7880,15760,70920,0,0
210,7800,780,780,6240,1,0
108,61270,5570,11140,44560,0,1
328,71440,8930,8930,53580,0,1
186,55600,11120,5560,38920,0,1
277,5000,1000,500,3500,0,0
138,95810,14740,14740,66330,1,0
208,69300,6930,13860,48510,0,0
147,81120,13520,20280,47320,0,1
8,91260,14040,14040,63180,0,0
297,60600,6060,12120,42420,1,0
150,64800,6480,12960,45360,0,0
4,66880,6080,12160,48640,0,0
210,58200,5820,5820,46560,0,1
91,60570,6730,6730,47110,1,0
167,69680,8710,8710,52260,0,0
467,55700,5570,11140,38990,0,1
264,62370,5670,5670,51030,0,1
270,54340,9880,0,44460,0,1
310,55170,6130,6130,42910,0,0
143,58500,11700,5850,40950,1,0
146,59940,6660,6660,46620,0,0
102,73400,7340,7340,58720,0,1
61,41850,4650,4650,32550,0,0
255,6400,640,1280,4480,0,0
211,3190,580,290,2320,0,0
61,5900,590,590,4720,0,0
108,57330,6370,6370,44590,0,1
303,81960,13660,13660,54640,0,1
152,70400,6400,19200,44800,0,0
120,3770,580,580,2610,1,0
144,7400,740,1480,5180,1,0
414,54810,6090,6090,42630,0,1
163,49400,4940,9880,34580,0,1
352,68750,12500,6250,50000,1,0
27,61500,12300,6150,43050,0,1
239,76890,6990,13980,55920,0,0
33,56070,6230,12460,37380,1,0
88,56000,14000,0,42000,0,1
101,4290,780,390,3120,0,0
20,60750,6750,6750,47250,0,1
126,48730,4430,4430,39870,1,0
264,95150,17300,17300,60550,1,0
78,7480,680,680,6120,1,0
123,79800,13300,6650,59850,0,0
347,103560,8630,17260,77670,0,1
163,79500,15900,7950,55650,1,0
271,76230,6930,13860,55440,1,0
410,59520,9920,9920,39680,1,0
448,47760,5970,5970,35820,0,0
218,84590,15380,7690,61520,0,1
43,61650,6850,6850,47950,0,1
33,81400,8140,8140,65120,0,0
126,58410,10620,5310,42480,0,0
411,38610,3510,3510,31590,0,0
225,57600,9600,9600,38400,1,0
35,53190,5910,11820,35460,1,0
460,58300,5830,11660,40810,0,0
195,64620,7180,0,57440,1,0
360,90480,15080,15080,60320,0,1
300,7080,1180,1180,4720,0,0
245,6490,590,1180,4720,1,0
146,55900,5590,5590,44720,0,1
67,63800,6380,6380,51040,0,0
380,58160,7270,7270,43620,0,1
389,6300,630,1260,4410,1,0
317,104610,19020,19020,66570,0,0
264,69850,12700,6350,50800,0,0
20,62900,12580,6290,44030,1,0
116,59670,6630,6630,46410,0,0
222,81500,16300,8150,57050,1,0
439,50000,15000,5000,30000,1,0
66,48290,8780,8780,30730,0,1
128,59070,5370,5370,48330,0,1
69,63300,12660,6330,44310,1,0
294,65780,11960,11960,41860,0,1
19,75400,11600,11600,52200,0,1
191,2250,250,250,1750,1,0
4,54120,4510,9020,40590,1,0
298,69480,11580,11580,46320,0,0
231,66950,10300,10300,46350,1,0
338,64100,12820,6410,44870,0,0
261,80280,13380,13380,53520,1,0
321,4680,520,0,4160,0,0
0,39720,6620,6620,26480,1,0
405,63580,5780,5780,52020,0,0
304,73370,13340,6670,53360,1,0
1,86790,7890,23670,55230,1,0
26,49800,9960,4980,34860,0,0
202,77440,7040,14080,56320,0,0
289,42900,8580,0,34320,0,1
61,53820,11960,5980,35880,0,0
334,57330,12740,6370,38220,1,0
12,53370,5930,5930,41510,1,0
86,62920,9680,14520,38720,1,0
83,61600,6160,12320,43120,0,1
126,74160,6180,12360,55620,0,1
209,80100,8900,8900,62300,0,1
283,6560,820,820,4920,0,0
194,58800,11760,5880,41160,0,1
184,53730,11940,5970,35820,1,0
479,60600,5050,10100,45450,0,1
284,35750,6500,3250,26000,0,1
65,42840,3570,7140,32130,0,1
222,87960,14660,14660,58640,0,0
196,47800,4780,4780,38240,1,0
253,3840,640,640,2560,0,0
280,77000,14000,7000,56000,0,1
5,88110,16020,16020,56070,0,1
220,47740,4340,4340,39060,1,0
85,58960,5360,10720,42880,0,1
266,2160,480,240,1440,1,0
41,6890,530,1060,5300,0,0
316,78870,7170,14340,57360,0,0
285,2700,300,300,2100,0,0
379,75960,6330,6330,63300,0,1
15,75570,6870,13740,54960,0,0
354,90240,15040,15040,60160,1,0
342,80960,14720,7360,58880,0,0
169,79080,6590,13180,59310,0,1
339,6820,1240,620,4960,1,0
259,62590,5690,11380,45520,0,1
65,52400,6550,6550,39300,0,0
254,63580,5780,11560,46240,0,0
440,61400,6140,6140,49120,1,0
478,4700,940,470,3290,1,0
230,74140,13480,13480,47180,0,1
138,83160,6930,13860,62370,0,0
239,10790,1660,830,8300,0,0
93,48070,8740,8740,30590,0,0
37,51030,5670,11340,34020,1,0
254,43280,0,5410,37870,1,0
131,76400,15280,7640,53480,0,0
230,75460,13720,13720,48020,0,1
313,69000,13800,6900,48300,0,0
210,8640,1440,720,6480,1,0
101,67210,12220,12220,42770,1,0
153,42500,4250,4250,34000,0,1
337,86400,14400,7200,64800,1,0
360,4620,840,840,2940,1,0
428,6930,630,1260,5040,0,0
204,41700,8340,8340,25020,1,0
364,77330,14060,14060,49210,0,0
185,4950,900,450,3600,0,0
63,5160,860,860,3440,1,0
210,24570,2730,2730,19110,0,1
194,53680,4880,9760,39040,1,0
294,42900,3900,3900,35100,0,1
272,84100,16820,8410,58870,1,0
27,61560,6840,6840,47880,0,1
251,44240,5530,5530,33180,1,0
180,57700,11540,5770,40390,1,0
392,108030,16620,16620,74790,1,0
143,54300,10860,5430,38010,1,0
371,32280,5380,5380,21520,0,0
292,84600,16920,8460,59220,0,1
165,69700,6970,6970,55760,0,1
158,36400,3640,7280,25480,0,1
241,37520,4690,4690,28140,1,0
103,79090,14380,14380,50330,0,0
402,67770,7530,15060,45180,0,0
102,47400,9480,4740,33180,0,1
182,71100,7110,14220,49770,0,1
282,69400,13880,6940,48580,1,0
222,55000,5000,10000,40000,0,0
415,51090,7860,7860,35370,0,1
51,64200,6420,19260,38520,0,0
255,67320,12240,12240,42840,0,1
143,76120,6920,13840,55360,0,0
130,85020,13080,13080,58860,1,0
242,68090,12380,12380,43330,1,0
96,6030,670,670,4690,0,0
180,5100,1020,510,3570,1,0
150,4590,510,510,3570,0,0
463,72400,7240,14480,50680,0,0
472,70900,14180,7090,49630,0,0
75,65100,6510,6510,52080,0,1
193,64260,0,14280,49980,0,1
43,79970,7270,21810,50890,0,0
253,56610,6290,6290,44030,0,1
152,84590,7690,7690,69210,0,0
160,66780,7420,14840,44520,0,0
56,58500,0,6500,52000,0,0
286,5000,500,500,4000,0,0
3,5000,500,1000,3500,0,0
286,54450,6050,12100,36300,0,0
239,61920,6880,6880,48160,0,0
64,43700,4370,4370,34960,1,0
98,64080,7120,7120,49840,1,0
16,55000,10000,10000,35000,0,1
70,4400,0,550,3850,0,0
75,71640,5970,11940,53730,1,0
246,61740,6860,6860,48020,1,0
110,57500,5750,5750,46000,0,1
236,8700,870,1740,6090,1,0
267,77100,15420,7710,53970,0,1
463,59400,6600,6600,46200,1,0
303,54890,9980,4990,39920,1,0
137,74030,6730,13460,53840,1,0
56,61490,11180,11180,39130,0,1
75,79560,6630,13260,59670,1,0
131,4900,490,490,3920,1,0
153,77770,14140,14140,49490,0,1
255,74700,7470,14940,52290,0,0
103,40600,4060,4060,32480,1,0
97,45270,10060,10060,25150,0,1
214,47080,4280,8560,34240,1,0
438,40700,4070,4070,32560,1,0
87,34650,6300,3150,25200,1,0
27,3200,400,400,2400,0,0
206,78980,7180,14360,57440,0,0
127,6160,560,1120,4480,1,0
422,85250,15500,7750,62000,0,0
303,72840,12140,6070,54630,0,0
228,6050,1100,1100,3850,0,0
239,87890,15980,7990,63920,0,0
330,60500,11000,5500,44000,0,1
128,88220,16040,16040,56140,1,0
147,53680,9760,4880,39040,0,1
287,53800,5380,5380,43040,1,0
142,54360,4530,9060,40770,0,0
162,54340,9880,4940,39520,0,0
140,2860,520,260,2080,0,0
106,5490,0,1220,4270,1,0
292,7370,670,1340,5360,0,0
34,50800,5080,5080,40640,0,0
290,41520,5190,5190,31140,1,0
182,89650,8150,16300,65200,0,1
362,39690,0,0,39690,0,1
143,62260,5660,5660,50940,0,0
183,51920,9440,4720,37760,0,0
254,53460,9720,4860,38880,1,0
249,57100,5710,5710,45680,0,1
169,77440,14080,7040,56320,0,1
235,68300,6830,13660,47810,1,0
112,5060,460,920,3680,0,0
16,59400,6600,13200,39600,0,1
128,69930,0,15540,54390,0,0
103,77700,7770,15540,54390,1,0
356,68750,12500,12500,43750,0,0
109,91080,16560,16560,57960,1,0
2,48360,4030,8060,36270,1,0
198,95000,9500,9500,76000,0,0
107,3900,780,390,2730,0,0
252,59400,11880,5940,41580,1,0
303,60210,6690,6690,46830,1,0
101,43600,8720,4360,30520,1,0
446,62800,6280,12560,43960,0,1
330,59500,11900,5950,41650,0,0
211,53460,5940,5940,41580,0,1
172,41690,7580,7580,26530,0,1
316,63100,6310,12620,44170,1,0
435,62880,5240,10480,47160,0,1
344,75400,17400,11600,46400,0,0
204,46200,4200,8400,33600,0,1
278,58500,5850,5850,46800,0,0
434,66240,11040,11040,44160,0,0
209,65440,8180,8180,49080,0,1
250,64200,10700,10700,42800,1,0
61,32320,4040,4040,24240,1,0
80,33480,3720,3720,26040,0,0
25,4320,480,960,2880,0,0
4,4200,840,420,2940,0,0
32,57970,10540,5270,42160,1,0
125,4320,0,960,3360,0,0
276,69300,13860,6930,48510,1,0
148,32480,4060,4060,24360,1,0
222,60480,6720,6720,47040,0,1
32,2640,440,440,1760,0,0
78,6050,550,1100,4400,0,0
238,42700,4270,4270,34160,0,1
313,40260,3660,7320,29280,0,0
334,50000,5000,10000,35000,0,0
190,3840,640,320,2880,0,0
194,95900,13700,20550,61650,1,0
290,56160,6240,12480,37440,1,0
26,63030,5730,11460,45840,0,0
254,63470,5770,11540,46160,1,0
199,44440,8080,4040,32320,0,0
137,6600,1200,1200,4200,1,0
134,77200,9650,9650,57900,1,0
73,57000,0,11400,45600,0,1
289,2700,300,300,2100,0,0
176,47300,4300,8600,34400,0,1
145,55110,5010,10020,40080,0,0
164,4320,480,480,3360,0,0
186,68760,11460,5730,51570,0,1
85,74400,14880,7440,52080,0,0
162,35300,3530,3530,28240,0,0
396,2640,480,480,1680,1,0
270,60190,4630,9260,46300,0,1
168,41580,3780,7560,30240,0,0
274,58500,11700,0,46800,1,0
263,79320,13220,6610,59490,1,0
152,82610,7510,7510,67590,1,0
46,78600,13100,19650,45850,0,1
276,51390,5710,5710,39970,1,0
234,70200,7020,7020,56160,0,0
64,4900,490,1470,2940,1,0
456,66480,5540,11080,49860,0,0
58,50380,4580,9160,36640,0,0
475,64350,9900,9900,44550,0,0
96,55400,5540,11080,38780,0,0
99,49900,4990,9980,34930,0,1
38,74880,12480,12480,49920,1,0
259,105820,16280,16280,73260,1,0
241,7150,1300,650,5200,0,0
437,55800,11160,11160,33480,0,1
130,5830,1060,1060,3710,0,0
269,85900,17180,17180,51540,0,0
103,7110,790,1580,4740,1,0
284,36960,6720,3360,26880,0,1
189,64400,6440,6440,51520,1,0
267,1920,480,0,1440,1,0
39,86130,15660,7830,62640,0,0
140,82170,14940,7470,59760,0,0
243,50300,10060,5030,35210,0,0
116,44200,4420,8840,30940,0,0
219,66660,6060,6060,54540,0,0
96,78320,7120,14240,56960,0,1
149,105040,16160,16160,72720,0,1
246,50700,5070,5070,40560,1,0
293,51210,11380,5690,34140,0,1
339,51840,8640,8640,34560,0,1
160,52800,5280,5280,42240,0,1
224,55200,9200,13800,32200,1,0
194,9100,1400,1400,6300,1,0
385,67600,13520,6760,47320,1,0
100,40800,6800,6800,27200,1,0
371,84500,13000,13000,58500,0,0
175,71610,13020,6510,52080,0,0
373,60600,6060,12120,42420,0,0
258,81240,6770,20310,54160,0,0
255,29300,2930,5860,20510,0,1
37,76450,6950,13900,55600,0,1
322,49400,9880,4940,34580,0,0
204,90530,16460,16460,57610,0,1
76,8030,1460,730,5840,1,0
193,63900,6390,6390,51120,1,0
405,38640,4830,4830,28980,1,0
435,41490,9220,4610,27660,0,1
54,79090,14380,7190,57520,1,0
144,87900,17580,8790,61530,0,0
92,53400,5340,5340,42720,0,1
173,52030,9460,9460,33110,0,1
436,82060,14920,7460,59680,1,0
155,48360,8060,8060,32240,1,0
78,52290,5810,11620,34860,1,0
440,68200,12400,12400,43400,0,0
264,60750,13500,6750,40500,0,0
66,65560,11920,11920,41720,0,0
366,70290,12780,12780,44730,1,0
188,45000,5000,5000,35000,0,1
224,61800,12360,6180,43260,0,1
253,64570,5870,11740,46960,0,0
446,70500,7050,14100,49350,1,0
169,57900,17370,5790,34740,0,1
255,57860,5260,10520,42080,1,0
209,37800,8400,4200,25200,1,0
210,63300,6330,6330,50640,0,1
174,44200,8840,4420,30940,0,1
70,31680,3520,3520,24640,1,0
89,100,10,20,70,0,0
458,56340,6260,6260,43820,1,0
239,69740,6340,6340,57060,0,1
161,60480,5040,15120,40320,0,1
446,80880,6740,13480,60660,1,0
476,49390,8980,4490,35920,0,1
70,69360,11560,11560,46240,1,0
233,3740,680,680,2380,1,0
122,5060,460,920,3680,0,0
335,35860,3260,6520,26080,0,1
257,50050,7700,3850,38500,0,0
85,59070,10740,5370,42960,1,0
133,28440,3160,3160,22120,1,0
119,45540,8280,8280,28980,0,0
169,38700,7740,3870,27090,1,0
225,5830,1060,530,4240,0,0
84,57240,4770,9540,42930,0,1
169,46200,4200,8400,33600,0,1
124,57700,5770,5770,46160,0,1
320,56160,4680,9360,42120,1,0
297,44400,5550,5550,33300,0,1
421,92730,16860,8430,67440,0,0
136,30700,3070,6140,21490,1,0
46,56600,11320,5660,39620,0,0
34,3960,660,660,2640,0,0
95,34800,3480,6960,24360,1,0
140,79500,7950,7950,63600,1,0
200,56000,5600,5600,44800,0,1
123,73260,16280,0,56980,1,0
267,4950,900,450,3600,0,0
290,48000,4800,9600,33600,1,0
45,52200,10440,5220,36540,0,0
186,73800,12300,12300,49200,1,0
135,78200,15640,7820,54740,0,1
110,55200,13800,9200,32200,0,0
259,57060,6340,6340,44380,0,1
114,4680,520,520,3640,1,0
404,53100,5310,5310,42480,1,0
282,3520,640,320,2560,1,0
57,72900,14580,14580,43740,0,1
215,70700,7070,14140,49490,0,1
140,60170,5470,10940,43760,1,0
250,74800,13600,6800,54400,0,0
286,4100,820,410,2870,0,0
356,61490,5590,11180,44720,1,0
65,7200,720,1440,5040,0,0
187,45100,8200,4100,32800,1,0
386,66660,12120,6060,48480,1,0
197,76400,15280,7640,53480,0,0
166,58300,10600,10600,37100,0,1
293,57310,5210,10420,41680,0,1
179,53100,5900,5900,41300,1,0
76,74700,14940,7470,52290,0,1
105,60500,12100,6050,42350,0,0
97,84920,7720,15440,61760,0,1
148,61050,5550,11100,44400,0,1
77,69080,12560,6280,50240,0,0
295,4560,760,380,3420,1,0
126,67800,11300,11300,45200,0,1
132,5600,1120,560,3920,1,0
370,9000,900,1800,6300,1,0
257,85320,21330,7110,56880,0,1
9,5940,540,1080,4320,0,0
185,51370,9340,4670,37360,0,0
234,51600,10320,5160,36120,0,0
253,5400,600,600,4200,0,0
233,48870,5430,5430,38010,1,0
274,5590,860,860,3870,1,0
297,54960,6870,0,48090,0,0
273,39800,7960,3980,27860,1,0
147,56160,6240,6240,43680,0,0
285,52700,5270,10540,36890,0,1
289,68580,7620,7620,53340,1,0
427,90860,12980,19470,58410,0,0
380,5700,570,570,4560,0,0
13,94930,8630,8630,77670,0,1
282,46800,4680,9360,32760,0,0
312,56320,7040,7040,42240,0,1
266,83490,7590,15180,60720,1,0
30,57900,5790,5790,46320,0,1
198,49410,5490,5490,38430,0,1
290,66200,6620,6620,52960,1,0
260,64080,10680,10680,42720,1,0
233,42500,8500,4250,29750,1,0
130,48950,8900,4450,35600,0,1
230,58850,10700,10700,37450,1,0
212,82400,8240,8240,65920,1,0
299,54240,6780,6780,40680,1,0
91,74200,7420,7420,59360,1,0
398,47430,5270,5270,36890,0,1
218,68200,13640,6820,47740,0,0
152,63900,7100,7100,49700,1,0
212,59300,11860,5930,41510,0,1
242,66900,6690,13380,46830,1,0
80,40810,3710,7420,29680,0,0
260,75400,15080,7540,52780,0,1
133,4200,420,840,2940,1,0
290,52650,5850,5850,40950,0,0
322,42240,7680,7680,26880,0,0
228,59490,6610,6610,46270,1,0
195,44200,4420,4420,35360,0,0
247,7700,770,1540,5390,0,0
405,61440,10240,10240,40960,0,1
144,54400,5440,10880,38080,0,0
338,58560,9760,9760,39040,0,1
121,67300,6730,6730,53840,0,0
398,36740,3340,6680,26720,0,0
9,85690,15580,15580,54530,0,1
115,34160,0,4270,29890,0,0
280,61320,10220,10220,40880,1,0
254,79680,13280,13280,53120,0,1
141,61740,6860,6860,48020,0,1
441,6400,640,640,5120,1,0
381,60600,12120,6060,42420,0,0
191,56320,10240,5120,40960,0,0
145,52250,9500,4750,38000,0,1
479,53900,5390,10780,37730,0,1
215,2640,220,440,1980,0,0
41,8970,1380,1380,6210,1,0
45,6000,1000,1000,4000,1,0
156,55200,11040,5520,38640,0,0
246,7260,660,1320,5280,0,0
178,64680,11760,11760,41160,1,0
237,59200,0,11840,47360,0,0
127,4700,470,940,3290,1,0
1,69400,6940,6940,55520,0,1
5,40500,4050,4050,32400,0,1
64,60000,5000,10000,45000,1,0
142,67320,11220,11220,44880,1,0
97,75690,8410,8410,58870,0,1
121,64300,6430,6430,51440,0,0
225,64400,6440,6440,51520,0,0
425,97080,16180,16180,64720,1,0
285,5500,500,500,4500,1,0
192,30700,3070,6140,21490,0,1
285,33480,3720,3720,26040,1,0
98,65430,14540,7270,43620,0,1
175,42680,3880,7760,31040,0,0
259,87780,7980,7980,71820,1,0
140,72800,14560,14560,43680,0,0
231,71190,0,7910,63280,0,0
186,3600,400,400,2800,0,0
229,62640,10440,10440,41760,0,0
180,69630,12660,6330,50640,1,0
188,76010,13820,6910,55280,1,0
214,44220,8040,4020,32160,0,1
178,57200,5200,10400,41600,1,0
55,3080,560,560,1960,1,0
90,75790,13780,6890,55120,0,1
135,32670,5940,2970,23760,1,0
277,3870,430,860,2580,1,0
211,91520,8320,16640,66560,0,1
156,74690,6790,13580,54320,0,0
84,4620,420,840,3360,0,0
136,55000,10000,10000,35000,0,0
310,59400,13200,6600,39600,0,0
123,55260,6140,0,49120,0,1
243,51400,5140,10280,35980,1,0
36,48780,5420,10840,32520,1,0
146,52380,5820,5820,40740,0,0
154,74360,13520,13520,47320,0,1
204,53400,5340,5340,42720,1,0
458,71800,14360,14360,43080,0,1
147,68240,8530,0,59710,0,0
279,61050,11100,11100,38850,0,0
308,5590,860,860,3870,1,0
284,46860,8520,8520,29820,0,0
108,4290,780,780,2730,1,0
421,78500,15700,7850,54950,1,0
266,70830,7870,7870,55090,0,1
412,68040,15120,7560,45360,0,1
31,63600,5300,10600,47700,0,0
465,43560,4840,4840,33880,1,0
126,60840,13520,6760,40560,0,1
407,68160,11360,11360,45440,0,1
101,5170,940,470,3760,1,0
187,57700,5770,5770,46160,0,1
252,89520,14920,14920,59680,0,1
229,4620,420,840,3360,1,0
246,45180,5020,5020,35140,1,0
190,45100,9020,4510,31570,0,1
95,83160,15120,15120,52920,0,1
205,86130,15660,15660,54810,1,0
41,48000,9600,4800,33600,0,0
137,3300,600,600,2100,1,0
194,57200,11440,5720,40040,1,0
128,7590,1380,690,5520,0,0
150,80080,12320,12320,55440,0,1
104,4800,960,480,3360,1,0
163,3900,390,780,2730,1,0
80,90400,9040,9040,72320,1,0
65,62900,6290,12580,44030,1,0
179,54200,5420,10840,37940,0,0
372,51800,5180,10360,36260,0,0
398,6600,600,1200,4800,0,0
213,74140,13480,6740,53920,0,1
79,67800,13560,6780,47460,0,1
232,55400,5540,11080,38780,0,0
230,49100,9820,4910,34370,0,0
234,98280,15120,7560,75600,0,0
240,66550,6050,12100,48400,0,1
143,70400,14080,7040,49280,0,0
266,53280,4440,8880,39960,0,0
89,84590,15380,15380,53830,0,1
229,54560,9920,9920,34720,0,1
245,82170,7470,7470,67230,1,0
50,61100,6110,12220,42770,0,1
230,51900,5190,10380,36330,1,0
17,3440,430,430,2580,0,0
163,51390,5710,11420,34260,0,1
29,76900,7690,7690,61520,0,0
232,77000,15400,7700,53900,1,0
235,60320,9280,9280,41760,0,0
295,60700,12140,6070,42490,1,0
22,53280,5920,0,47360,0,1
286,34290,3810,3810,26670,1,0
257,46980,0,5220,41760,0,1
94,36700,3670,7340,25690,0,0
124,60200,6020,6020,48160,0,1
141,6480,540,1080,4860,1,0
3,87200,17440,8720,61040,1,0
285,108480,18080,18080,72320,0,0
130,67500,7500,7500,52500,1,0
458,46980,5220,5220,36540,0,0
456,5060,460,920,3680,1,0
116,59676,6597,6597,46480,0,0
255,65234,9480,9480,46273,0,0
129,55803,4751,9502,41548,0,0
82,54865,11346,6019,37499,0,0
191,51916,8690,5718,37507,0,0
250,67604,10374,5722,51506,0,0
351,58685,6586,7785,44314,0,1
22,77380,12349,10904,54127,0,0
191,112075,17262,17262,77550,0,0
255,64082,6408,6408,51266,0,0
100,64330,5925,12703,45701,0,0
187,54658,4805,9611,40240,0,0
277,71100,7729,11661,51709,0,0
156,53363,5408,5336,42618,0,0
314,82314,10138,12310,59865,0,0
200,51214,8241,5297,37676,0,0
30,64975,7261,7207,50507,1,0
203,71320,11383,10012,49924,0,0
147,71443,11907,9526,50009,0,1
259,59712,10046,4131,45535,0,0
20,66694,6102,11775,48816,0,0
205,23196,2590,2573,18032,0,0
210,24632,2735,2735,19162,0,0
363,83849,12632,13128,58087,0,0
276,60881,11089,10977,38814,0,0
102,60995,9946,9946,41102,1,0
202,78040,10130,11912,55997,0,0
192,52462,9712,4856,37893,0,0
85,54115,8307,10179,35628,0,0
236,68100,6494,12989,48616,0,0
176,54317,4787,9575,39953,0,0
182,73103,14954,1935,56212,0,0
403,65975,7330,13818,44826,0,0
268,98636,15176,15176,68283,0,0
366,60389,6085,12170,42133,0,0
145,53259,6416,9198,37644,0,0
210,50236,8636,5023,36576,0,0
229,53658,5594,8902,39161,0,0
143,32258,6210,3255,22791,0,0
87,82434,14798,7921,59715,1,0
361,65269,10829,12097,42342,0,0
317,58882,6266,12533,40083,0,0
253,89597,10157,17548,61892,0,0
96,64162,9760,9760,44640,0,0
239,78797,15759,9614,53423,0,0
319,38963,3542,7084,28337,0,0
185,57630,10969,7551,39109,0,0
5,66848,6077,12154,48616,0,0
155,54727,6989,10608,37129,0,0
353,82984,12144,13300,57539,0,0
125,106819,11276,20005,75537,0,0
95,4612,437,875,3298,0,0
259,92654,14767,13656,64230,0,0
197,67502,10630,6430,50440,0,0
309,72615,10001,12174,50439,0,0
302,63472,12355,6177,44940,0,1
429,40245,3529,3529,33187,0,0
167,69543,15231,500,53811,0,0
146,54282,5428,10856,37997,0,0
331,82610,9802,12727,60080,0,0
377,62973,5724,6998,50250,0,0
214,64626,9792,9792,45041,0,0
114,48172,9319,4817,34036,0,0
160,68310,6831,6831,54648,0,0
176,44974,7649,4615,32708,0,0
210,44944,4406,5283,35254,0,0
104,79089,12219,7841,59028,0,0
212,57593,7745,10471,39376,0,0
186,73267,4030,11276,57960,0,0
230,77360,10212,10885,56262,0,0
337,48481,5831,5831,36817,0,0
257,82203,16243,8121,57839,0,0
338,72499,6751,13503,52244,0,0
299,81678,17268,14936,49473,0,0
46,30100,2827,5152,22120,0,0
204,75406,15081,7540,52784,0,0
84,69118,12840,5669,50609,0,0
254,50572,4827,9654,36090,0,0
297,31842,6368,3184,22289,0,0
336,73234,7270,14540,51424,0,0
192,39499,4091,4091,31316,0,0
26,76680,9152,15905,51621,0,0
268,58010,9015,5443,43551,0,0
274,81733,14071,11374,56286,0,0
111,57708,6961,9206,41541,0,0
340,62165,5651,8620,47893,0,0
245,46515,5494,9115,31905,0,0
184,52941,11071,5535,36334,0,0
145,54745,10389,9190,35164,0,0
439,67438,7885,10106,49445,0,0
235,56914,7156,5657,44100,0,0
128,70574,8821,8821,52931,0,0
300,41255,2166,6822,32266,0,0
100,61239,6804,13608,40826,0,0
120,60516,6805,6805,46904,0,0
88,64969,9622,8827,46520,0,0
139,50353,5237,8455,36660,0,0
110,62960,6777,10978,45203,0,0
103,77663,14120,7060,56482,0,0
146,72488,15678,967,55842,0,0
101,56348,5683,9995,40669,0,0
190,47975,4920,4920,38134,0,0
225,96908,14963,7835,74109,0,0
319,61464,10755,10755,39953,0,0
294,76044,9274,12776,53992,0,0
224,77962,14952,7476,55533,0,0
140,69851,2737,13393,53720,0,0
359,71305,7361,14723,49219,0,0
90,64491,7520,6449,50521,0,0
176,51826,9871,5209,36745,0,0
349,68714,12493,11987,44233,0,0
56,77879,12979,18631,46268,0,1
88,49166,5204,5204,38756,0,0
158,74816,6801,13602,54411,0,0
130,73107,16152,423,56532,0,0
90,74360,13297,7873,53189,1,0
133,56672,0,8379,48292,0,0
271,84544,7685,10894,65963,0,0
128,68455,870,14148,53436,0,0
157,27971,3076,3356,21537,0,0
380,94582,7881,17195,69505,0,0
77,64469,6412,6753,51302,0,0
40,53192,9671,8852,34669,0,0
297,54348,6934,5782,41630,0,0
178,49253,6805,5091,37355,0,0
153,83530,7812,7812,67905,0,0
177,53497,11810,5905,35782,0,0
212,67002,16358,10730,39913,0,0
163,75843,10708,11003,54131,0,0
309,78422,7462,11125,59835,0,0
175,63393,5903,11807,45683,0,0
153,25350,2620,4293,18436,0,0
109,54637,10612,6878,37145,0,0
389,61365,5160,10320,45885,0,0
97,54116,4965,9423,39727,0,0
106,50202,7050,7262,35889,0,0
106,83524,7676,14436,61411,0,0
435,67662,8435,9878,49348,0,0
339,55671,6185,7424,42061,0,1
80,61824,5953,8243,47627,0,0
418,68700,10977,8823,48899,0,0
151,37778,4679,4679,28419,0,0
319,61679,11537,5768,44373,0,1
197,60220,10925,10925,38369,0,0
235,58508,8764,8764,40978,0,0
159,55041,10758,5753,38529,0,0
35,48967,5080,8431,35455,0,0
145,64145,7180,7180,49783,0,0
300,75315,9575,12481,53259,0,0
271,67443,12356,5661,49425,0,0
325,71745,10640,8371,52733,0,0
216,47101,9073,4536,33490,0,0
156,64909,11876,6859,46173,0,0
203,42181,3834,7669,30677,0,0
45,79981,7271,21737,50973,0,0
300,46591,4659,4659,37273,0,0
205,76051,14559,3510,57980,0,0
220,77723,10904,9547,57271,0,0
446,72462,7168,13555,51738,0,0
83,49877,7313,6984,35579,0,0
161,75729,10383,9489,55857,0,0
106,49807,7393,6906,35506,0,0
209,54520,5452,8211,40856,0,0
282,75823,6893,6893,62037,0,0
291,68330,6833,10435,51061,0,0
172,98516,12271,16438,69806,0,0
119,53012,10034,7856,35120,0,0
154,77672,14122,7061,56489,0,0
265,62128,5974,11948,44204,0,0
223,60482,5933,9475,45073,0,0
185,76304,6936,13873,55494,0,0
146,54713,10437,9090,35185,0,0
142,70231,10087,7469,52673,0,0
270,64173,7986,12050,44137,0,0
238,51570,5860,5860,39850,0,0
204,5062,750,803,3508,0,0
149,54415,12807,7476,34131,0,0
119,60041,5886,7058,47095,0,0
172,51237,9440,4720,37076,0,0
8,5668,639,1060,3968,0,0
279,43709,6559,4643,32505,0,0
135,64557,6455,9787,48313,0,0
185,45272,4448,4840,35982,0,0
297,12877,1622,1622,9633,0,0
412,91547,16692,8346,66508,0,0
193,46311,4490,5900,35920,0,0
164,82697,14259,7129,61307,0,0
162,5533,671,879,3982,0,0
188,61785,5616,9382,46786,0,0
333,62080,11799,5899,44381,0,0
6,66359,6032,12065,48261,0,0
106,62255,7605,7605,47044,0,0
257,47904,4894,9477,33533,0,0
124,60872,6382,10218,44270,0,0
248,60187,6908,10031,43247,0,0
372,62863,5714,7218,49930,0,0
71,53469,10359,10359,32751,0,0
122,58280,10162,8503,39614,0,0
128,5125,755,931,3437,0,0
183,51790,7017,5179,39593,0,0
127,85475,7804,15608,62062,0,0
224,49453,9464,5189,34800,0,0
240,58635,8616,7640,42378,0,0
95,56158,5863,10901,39393,0,0
121,54966,13504,8686,32775,0,0
140,81793,11144,10302,60346,0,0
403,59075,11339,6264,41472,0,0
195,69950,2143,7534,60273,0,0
117,78599,17877,13493,47227,0,0
128,48244,7621,8771,31851,0,1
231,76713,15265,7632,53815,0,0
354,56362,6140,6140,44082,0,0
240,60440,12088,6044,42308,0,0
321,97828,10638,16304,70884,0,0
208,54158,7517,7901,38739,0,0
204,53452,7722,7521,38209,0,0
241,15115,1511,3023,10580,0,0
133,63559,7821,989,54748,0,0
62,65577,5961,14006,45609,0,0
255,81265,11330,10832,59101,0,0
63,65356,9272,9272,46812,0,0
282,64343,10830,10830,42681,0,0
143,60873,10967,10967,38938,0,0
247,82804,16389,8194,58219,0,0
231,64159,6415,7142,50600,0,0
185,87732,7975,12759,66997,0,0
188,51524,7294,5152,39077,0,0
65,65437,9162,9162,47113,0,0
146,60940,5540,11080,44320,0,0
101,68852,8323,11475,49053,0,0
191,47032,4795,4795,37441,0,0
23,62880,5355,11432,46091,0,0
364,67030,10553,6703,49773,0,0
405,81629,9808,19119,52702,0,0
91,51016,6696,4924,39395,0,0
144,75915,16225,1450,58239,0,0
242,44320,4296,4976,35048,0,0
192,63156,5916,11833,45405,0,0
101,72949,14589,7294,51064,0,0
141,81634,9546,11495,60592,0,0
94,54461,10479,7302,36678,0,0
231,26114,2858,2858,20397,0,0
248,51755,9410,4705,37640,0,0
368,38283,2474,6529,29278,0,0
122,65160,9533,9533,46092,0,0
223,64095,10011,6398,47684,0,0
175,16805,3284,1642,11878,0,0
184,71345,6750,10593,54001,0,0
231,48286,6507,4828,36950,0,0
180,24459,4635,2702,17121,0,0
246,81631,8290,13972,59368,0,0
100,74978,8743,12775,53458,0,0
271,80492,7317,14635,58540,1,0
292,72056,11217,10360,50478,0,0
250,80578,7736,14468,58374,0,0
78,49817,7128,7108,35581,0,0
344,38963,3542,7084,28337,0,0
149,58186,9398,6144,42643,0,0
113,50857,5465,6299,39093,0,0
158,76485,11396,10574,54515,0,0
392,97486,8194,16388,72903,0,1
226,3552,645,488,2418,0,0
183,75069,11193,7097,56778,0,0
236,67025,6702,9138,51184,0,0
289,71408,6594,6594,58218,0,0
131,81253,8527,13918,58808,0,0
321,70353,12372,7338,50642,0,0
147,48019,4854,7017,36147,0,0
288,40683,3698,7396,29587,0,0
389,58175,7105,7770,43299,0,0
266,79302,7209,13197,58894,0,0
143,27705,2678,4966,20060,0,0
201,20857,3132,3544,14179,1,0
339,63900,10142,10142,43614,0,0
256,60501,13444,6722,40334,0,0
337,47885,12771,4353,30760,0,0
349,62366,5669,8217,48479,0,0
107,52775,7731,10009,35033,0,0
184,80177,7288,14577,58311,0,0
123,60634,11319,9695,39618,0,0
221,73725,6866,11922,54935,0,0
138,52165,4543,5384,42237,0,0
116,34199,24,4268,29905,0,0
54,74167,14900,13170,46097,0,0
267,62235,8699,8699,44836,0,0
328,76466,15459,13190,47816,0,0
229,47559,6408,5171,35978,0,0
218,55237,11448,6654,37134,0,0
440,82821,7619,15239,59962,0,0
105,80517,12567,12567,55382,1,0
147,49727,5592,5592,38541,0,0
211,4727,867,825,3034,0,0
149,77190,15846,3919,57423,0,0
132,67698,6154,15850,45693,0,0
327,72920,6640,6763,59516,0,0
229,58064,10187,8426,39450,0,0
155,58990,5852,5937,47201,0,0
239,58778,4827,9654,44296,0,0
163,73745,11986,12905,48854,0,0
120,88927,9537,15522,63867,0,0
252,51660,9267,4732,37661,0,0
75,49396,4132,5141,40123,0,0
101,104243,10346,20693,73203,0,0
23,78016,12590,10680,54746,0,0
264,74407,16330,11927,46149,0,0
98,83993,12726,10181,61086,0,0
108,48426,5914,5314,37198,0,0
174,4809,838,874,3096,0,0
287,55904,5227,10454,40221,0,0
180,37828,3868,3868,30092,0,0
297,40717,4105,6999,29612,0,0
248,40790,1303,5454,34032,0,0
282,77728,7086,14098,56543,0,0
98,73645,12511,11799,49334,0,0
157,50757,8782,5075,36899,0,0
214,59707,8725,9390,41591,0,0
405,93349,16684,9133,67530,0,0
238,50325,10065,5032,35227,0,0
230,72333,14430,7397,50505,0,0
86,67405,10661,8253,48490,0,0
156,67995,8334,7457,52203,0,0
151,65944,9574,6263,50106,0,0
192,5121,512,549,4059,0,0
304,55525,6169,6169,43186,0,0
447,47784,5995,5969,35818,0,0
223,29510,7083,4879,17547,0,0
345,59235,6128,10205,42901,0,0
233,29431,2735,4687,22008,0,0
369,60711,5125,10250,45334,0,0
125,67513,6751,10686,50075,0,0
235,56073,8072,8072,39928,0,0
48,64114,6359,18560,39194,0,0
327,69550,12645,12645,44259,0,0
354,77613,14404,14046,49162,0,0
128,67531,1415,13276,52839,0,0
367,83226,12804,12804,57618,0,0
150,51681,9621,6045,36015,0,0
267,81129,7375,14460,59293,1,0
228,74271,14840,14770,44661,0,0
152,59131,6059,6059,47013,0,0
111,59854,6471,7275,46106,0,0
173,48346,9357,4678,34310,0,0
380,72870,13383,8180,51306,0,0
91,75022,9043,12652,53326,0,0
344,56697,5427,10854,40416,0,0
30,69394,11931,11931,45530,0,0
306,80669,17289,14400,48979,0,0
219,84563,7687,9504,67371,0,0
130,73524,15616,3251,54656,0,0
119,55015,13566,8795,32653,0,0
133,78488,7135,18661,52691,0,0
238,59431,8669,9229,41532,0,0
278,60230,10586,5962,43682,0,0
243,71887,13070,13070,45746,0,0
189,65139,12494,8912,43732,0,0
148,64770,6477,12575,45717,0,0
190,5170,843,598,3728,1,0
111,64492,6892,6892,50707,0,0
344,69506,8423,15796,45287,0,0
329,62953,5723,7037,50192,0,0
258,81347,7009,20237,54099,0,0
228,51616,5898,5898,39819,0,0
174,99014,12904,12904,73205,0,0
172,42003,4416,7039,30547,0,0
335,78340,17176,6367,54795,0,0
284,52908,6203,3280,43424,0,0
230,75691,6881,13762,55048,0,0
303,76610,9393,13929,53287,0,0
339,60765,7744,7744,45276,0,0
112,55146,13731,9081,32332,0,0
179,41652,7836,6388,27427,0,0
140,60835,6083,6083,48668,0,0
93,63736,7866,9162,46707,0,0
179,65904,8165,7217,50521,0,0
197,44163,8703,4545,30914,0,0
146,87117,7919,18610,60587,0,0
89,62682,5918,9417,47346,0,0
230,57176,8082,9070,40023,0,0
232,69936,6993,13987,48955,0,0
273,52447,5671,7073,39702,0,0
169,56025,0,7215,48810,0,0
214,21116,3363,2395,15357,1,0
105,50736,10267,5133,35334,0,0
164,51591,7547,7547,36497,0,0
158,49538,7278,4997,37262,0,0
196,75232,6839,13678,54714,0,0
109,89528,12855,14181,62491,0,0
266,60310,8465,6982,44862,0,0
310,87771,13630,15350,58790,0,0
179,43841,7595,4360,31884,0,0
103,54659,4770,9540,40349,0,0
227,54223,5672,8842,39708,0,0
254,80479,7316,14632,58530,0,0
299,56044,6227,8451,41365,0,0
86,65007,8129,8129,48749,0,0
217,48084,5912,6173,35998,0,0
147,68180,7256,7256,53668,0,0
202,55142,6094,10899,38149,0,0
114,61736,7102,4920,49714,0,0
138,49440,6739,6739,35961,0,0
296,56832,6533,6533,43766,0,0
194,81882,11229,13204,57447,0,0
177,41810,7854,6465,27490,0,0
374,4338,749,552,3037,1,0
120,73363,12227,12242,48893,0,1
156,79877,14106,7053,58718,0,0
284,69937,6502,13005,50429,0,0
107,64863,8930,6991,48940,0,0
179,42761,3913,7731,31116,0,0
367,88682,15833,9513,63334,0,0
176,71593,8247,8247,55099,0,0
133,77754,9370,13917,54465,0,0
201,51912,7740,6983,37188,0,0
383,65988,11821,7974,46191,0,0
167,58449,6136,6136,46177,0,0
214,86187,15416,7708,63063,0,0
216,54151,10007,9117,35026,0,0
316,73493,6681,6681,60131,0,0
233,46509,4551,7917,34040,0,0
137,50225,5231,8376,36617,0,0
295,69108,13778,6147,49182,0,0
266,63492,10118,10118,43255,0,0
325,61529,10746,10746,40037,0,0
387,80334,6694,20083,53556,0,0
139,49968,5939,5241,38786,0,0
229,75869,14869,7434,53565,0,0
224,62702,5942,11884,44875,0,0
188,76020,13858,6929,55232,0,0
277,90694,15711,11428,63554,0,0
206,96989,10676,16808,69505,0,0
148,34832,418,4249,30164,0,0
212,67281,16575,10941,39765,0,0
143,53204,4729,9458,39017,0,0
257,60276,5848,7637,46790,0,0
235,78257,8738,13010,56508,0,0
130,49482,5195,7915,36370,0,0
278,61096,11083,11027,38986,0,0
365,63249,5749,6442,51057,0,0
400,53291,5441,5329,42520,0,0
281,76959,8745,14492,53722,0,0
68,5020,582,935,3502,0,0
197,106626,14827,17104,74694,0,0
149,47211,4628,5322,37259,0,0
227,53346,6939,6939,39467,0,0
319,72709,6624,6624,59459,0,0
360,74474,7288,14576,52608,0,0
302,71800,13054,9626,49119,0,0
347,59342,6123,10356,42863,0,0
101,54184,10191,10191,33801,0,0
65,57916,144,10411,47359,0,0
243,61830,7495,10305,44029,0,0
132,98452,11075,16956,70421,0,0
219,61339,6874,6874,47590,0,1
410,67086,11803,12285,42998,0,0
131,64760,6440,6440,51878,0,0
323,5124,724,724,3675,1,0
194,62807,11693,6931,44182,0,0
237,40831,5960,5175,29695,0,0
145,80191,7527,12715,59948,0,0
267,98667,15129,15202,68336,0,0
136,69994,9544,9544,50905,0,0
272,80222,8621,18793,52808,0,0
326,5975,597,1023,4354,0,0
278,61110,10976,10976,39156,0,0
274,51395,5714,5714,39966,0,0
156,51684,8519,5168,37996,0,0
188,50070,10014,5007,35049,0,0
88,49940,7508,6853,35578,0,0
199,49801,9960,4980,34861,0,0
342,70927,17123,6113,47690,0,0
159,67740,8174,8174,51392,0,0
194,73244,8487,10939,53817,0,0
197,68954,10405,6833,51715,0,0
438,71975,7370,14163,50440,0,0
268,37544,4258,4258,29028,0,0
156,72547,11068,10696,50783,0,0
408,69258,12343,8257,48658,0,0
435,67949,12238,12238,43471,0,0
337,5692,569,1138,3984,1,0
286,55314,6146,6146,43022,0,0
64,52240,5391,5391,41457,0,0
160,35765,3746,3746,28273,0,0
411,79631,6758,18803,54069,0,0
315,94963,8247,16494,70220,0,1
158,76500,10877,8808,56813,0,0
323,72874,6628,6628,59617,0,0
96,62957,11602,10744,40609,0,0
55,60672,5978,6868,47825,0,0
33,83408,14630,8786,59992,0,0
36,63129,5764,11528,45837,0,0
200,57083,4948,9896,42239,0,0
125,84246,12573,10402,61270,0,0
127,64413,6441,7909,50062,0,0
315,70335,16367,6266,47701,0,0
230,21630,2163,4326,15141,0,0
197,52058,9532,5784,36741,0,0
228,48632,6411,5525,36695,0,0
55,56379,11224,7213,37942,0,0
131,65138,9003,10473,45660,0,0
224,89129,16891,16891,55346,0,0
89,60862,5569,10732,44559,0,0
111,69812,7299,7299,55213,0,0
239,60613,5665,9620,45327,0,0
435,53502,5927,6004,41570,0,0
185,64879,6317,8022,50539,0,0
115,60137,5849,7487,46799,0,0
